{
  "hough": {
    "min_dist": 19,
    "min_radius": 5,
    "max_radius": 50,
    "p1": 60,
    "p2": 43,
    "acc": 1.187058823529412
  },
  "tracker": {
    "blur": 0,
    "min_circle": 0,
    "max_circle": 87,
    "min_area": 14,
    "distance": 0.21402722729622609,
    "averaged_frames": 31,
    "median": 3,
    "debug": true
  },
  "ui": {
    "show_masks": false
  },
  "colours": {
    "blue": {
      "enabled": true,
      "rgb": [
        145,
        142,
        175
      ],
      "min_hsv": [
        204,
        0.39215686274509803,
        0.19607843137254902
      ],
      "max_hsv": [
        220,
        1.0,
        1.0
      ]
    },
    "green": {
      "enabled": true,
      "rgb": [
        194,
        215,
        0
      ],
      "min_hsv": [
        130,
        0.39215686274509803,
        0.19607843137254902
      ],
      "max_hsv": [
        150,
        1.0,
        1.0
      ]
    },
    "yellow": {
      "enabled": false,
      "rgb": [
        255,
        255,
        0
      ],
      "min_hsv": [
        62,
        0.39215686274509803,
        0.19607843137254902
      ],
      "max_hsv": [
        78,
        1.0,
        1.0
      ]
    },
    "orange": {
      "enabled": false,
      "rgb": [
        85,
        28,
        28
      ],
      "min_hsv": [
        22,
        0.63671875,
        0.6015625
      ],
      "max_hsv": [
        38,
        0.84375,
        0.671875
      ]
    },
    "pink": {
      "enabled": true,
      "rgb": [
        255,
        1,
        206
      ],
      "min_hsv": [
        320,
        0.39215686274509803,
        0.19607843137254902
      ],
      "max_hsv": [
        336,
        1.0,
        1.0
      ]
    }
  }
}