{
  "tracker": {
    "blur": 0,
    "min_circle": 1,
    "max_circle": 222,
    "min_area": 16,
    "distance": 0.21402722729622609
  },
  "ui": {
    "show_masks": true
  },
  "colours": {
    "blue": {
      "enabled": true,
      "rgb": [
        145,
        142,
        175
      ],
      "min_hsv": [
        188,
        0.5824142156862745,
        0.8431372549019608
      ],
      "max_hsv": [
        213,
        1.0,
        1.0
      ]
    },
    "green": {
      "enabled": true,
      "rgb": [
        194,
        215,
        0
      ],
      "min_hsv": [
        0.0,
        0.0,
        0.0
      ],
      "max_hsv": [
        0.0,
        0.0,
        0.0
      ]
    },
    "yellow": {
      "enabled": false,
      "rgb": [
        255,
        255,
        0
      ],
      "min_hsv": [
        1.0231815394945443e-11,
        0.984375,
        1
      ],
      "max_hsv": [
        0,
        0,
        0
      ]
    },
    "orange": {
      "enabled": true,
      "rgb": [
        85,
        28,
        28
      ],
      "min_hsv": [
        180,
        0,
        1
      ],
      "max_hsv": [
        0,
        0,
        0
      ]
    },
    "pink": {
      "enabled": true,
      "rgb": [
        255,
        1,
        206
      ],
      "min_hsv": [
        335,
        0.25882352941176473,
        0.21176470588235294
      ],
      "max_hsv": [
        360,
        1.0,
        1.0
      ]
    }
  }
}