{
  "hough": {
    "min_dist": 19,
    "min_radius": 5,
    "max_radius": 50,
    "p1": 60,
    "p2": 43,
    "acc": 1.187058823529412
  },
  "tracker": {
    "blur": 0,
    "min_circle": 3,
    "max_circle": 87,
    "min_area": 14,
    "distance": 0.21402722729622609,
    "averaged_frames": 31,
    "median": 3,
    "debug": false
  },
  "ui": {
    "show_masks": false
  },
  "colours": {
    "blue": {
      "enabled": false,
      "rgb": [
        145,
        142,
        175
      ],
      "min_hsv": [
        204,
        0.39215686274509803,
        0.19607843137254902
      ],
      "max_hsv": [
        220,
        1.0,
        1.0
      ]
    },
    "green": {
      "enabled": true,
      "rgb": [
        194,
        215,
        0
      ],
      "min_hsv": [
        70,
        0.39215686274509803,
        0.19607843137254902
      ],
      "max_hsv": [
        150,
        1.0,
        1.0
      ]
    },
    "yellow": {
      "enabled": false,
      "rgb": [
        255,
        255,
        0
      ],
      "min_hsv": [
        58,
        0.39215686274509803,
        0.19607843137254902
      ],
      "max_hsv": [
        74,
        1.0,
        1.0
      ]
    },
    "orange": {
      "enabled": true,
      "rgb": [
        85,
        28,
        28
      ],
      "min_hsv": [
        24,
        0.49609375,
        0.64453125
      ],
      "max_hsv": [
        32,
        0.71875,
        0.859375
      ]
    },
    "pink": {
      "enabled": true,
      "rgb": [
        255,
        1,
        206
      ],
      "min_hsv": [
        320,
        0.3984375,
        0.640625
      ],
      "max_hsv": [
        334,
        0.5625,
        0.8046875
      ]
    }
  }
}